subepoch,Runtime,time,validation_regret,validation_mse,validation_loss,test_regret,test_mse,test_loss,hyperparams,total_time,validation_relax
1,0.01800680160522461,2.3184030055999756,0.0,4030.433209534473,-126482808832.0,0.0,5283.43381519307,-421473943552.0,{'lr': 0.01},540.717182636261,True
51,3.787061929702759,46.93534970283508,0.0,3998.6257511679796,-630397534208.0,0.0,5075.204322498814,-2365328719872.0,{'lr': 0.01},540.717182636261,True
101,7.524960994720459,92.26227116584778,0.0,3967.200131315795,-1136657760256.0,0.0,5006.415128701033,-3217752326144.0,{'lr': 0.01},540.717182636261,True
151,11.767566919326782,138.53842043876648,0.0,3933.519209164359,-1454558216192.0,0.0,5014.469548682851,-3299582148608.0,{'lr': 0.01},540.717182636261,True
201,15.886000394821167,184.84998869895935,0.0,3887.991283370209,-2057592111104.0,0.0,5002.815066983901,-3601707827200.0,{'lr': 0.01},540.717182636261,True
251,20.243031978607178,231.74371218681335,0.0,3832.534569394582,-2710486777856.0,0.0,4959.299283534936,-4102146752512.0,{'lr': 0.01},540.717182636261,True
301,24.538034439086914,279.608003616333,0.0,3767.8909418077365,-3223212916736.0,0.0,4851.551663349095,-5025368113152.0,{'lr': 0.01},540.717182636261,True
351,28.974321842193604,326.8497567176819,0.0,3687.2943275724524,-4098595618816.0,0.0,4630.807420662334,-7256576884736.0,{'lr': 0.01},540.717182636261,True
401,33.56246638298035,373.6564600467682,0.0,3678.7307774409755,-4318883479552.0,0.0,4379.846141599802,-9981816471552.0,{'lr': 0.01},540.717182636261,True
451,37.92705011367798,420.30043029785156,0.0,3659.6508748056353,-4701704159232.0,0.0,4227.114988030267,-11603941523456.0,{'lr': 0.01},540.717182636261,True
501,42.31794261932373,467.50243878364563,0.0,3604.9236960655917,-5852181561344.0,0.0,4236.857406212768,-11777995702272.0,{'lr': 0.01},540.717182636261,True
551,46.610981464385986,514.3481044769287,0.0,3540.135283418266,-6830087995392.0,0.0,4219.824721339488,-12401794613248.0,{'lr': 0.01},540.717182636261,True
1,0.016051054000854492,2.5830273628234863,0.0,3981.603498446072,-438860742656.0,0.0,5316.055809224725,-90869145600.0,"{'optimizer': <class 'torch.optim.adam.Adam'>, 'lr': 0.01}",534.8003242015839,True
51,4.208360910415649,47.62872767448425,0.0,3946.9954186232526,-930503229440.0,0.0,5103.175451323265,-2295645077504.0,"{'optimizer': <class 'torch.optim.adam.Adam'>, 'lr': 0.01}",534.8003242015839,True
101,7.846595287322998,92.01991820335388,0.0,3907.4425207891254,-1446457638912.0,0.0,5027.462688583616,-3231338463232.0,"{'optimizer': <class 'torch.optim.adam.Adam'>, 'lr': 0.01}",534.8003242015839,True
151,11.897117614746094,137.45718121528625,0.0,3869.6023604104553,-1942170370048.0,0.0,5036.147780089834,-3138654044160.0,"{'optimizer': <class 'torch.optim.adam.Adam'>, 'lr': 0.01}",534.8003242015839,True
201,15.687329053878784,182.0829529762268,0.0,3823.058458298283,-2409411510272.0,0.0,5022.548248595251,-3237957599232.0,"{'optimizer': <class 'torch.optim.adam.Adam'>, 'lr': 0.01}",534.8003242015839,True
251,19.990640878677368,228.68761324882507,0.0,3768.2769282039276,-2931585974272.0,0.0,4979.405058334627,-3644052471808.0,"{'optimizer': <class 'torch.optim.adam.Adam'>, 'lr': 0.01}",534.8003242015839,True
301,24.124410152435303,274.71885561943054,0.0,3704.1682196812544,-3658719035392.0,0.0,4875.098986497988,-4565840166912.0,"{'optimizer': <class 'torch.optim.adam.Adam'>, 'lr': 0.01}",534.8003242015839,True
351,28.258195400238037,320.1381633281708,0.0,3626.001466449454,-4487703429120.0,0.0,4664.4319980293885,-6761538387968.0,"{'optimizer': <class 'torch.optim.adam.Adam'>, 'lr': 0.01}",534.8003242015839,True
401,32.814226150512695,367.19997096061707,0.0,3615.678950458794,-4739085631488.0,0.0,4421.648333129951,-9333259632640.0,"{'optimizer': <class 'torch.optim.adam.Adam'>, 'lr': 0.01}",534.8003242015839,True
451,37.17854976654053,413.3914020061493,0.0,3594.5337863475033,-5270856531968.0,0.0,4270.501421450919,-10943274680320.0,"{'optimizer': <class 'torch.optim.adam.Adam'>, 'lr': 0.01}",534.8003242015839,True
501,41.76731276512146,461.0005376338959,0.0,3539.4664730321424,-6237462462464.0,0.0,4280.357030006033,-11542659596288.0,"{'optimizer': <class 'torch.optim.adam.Adam'>, 'lr': 0.01}",534.8003242015839,True
551,46.083948850631714,507.4334707260132,0.0,3476.8853681934497,-6934284468224.0,0.0,4262.028346702094,-11724994379776.0,"{'optimizer': <class 'torch.optim.adam.Adam'>, 'lr': 0.01}",534.8003242015839,True
1,0.02901911735534668,2.7592434883117676,0.0,4037.296751413193,-9289448448.0,0.0,5316.1985236593955,-128974749696.0,{'lr': 0.01},542.3746967315674,True
51,3.7221567630767822,47.00476694107056,0.0,4007.9814528685542,-340620673024.0,0.0,5120.147793494509,-2016239288320.0,{'lr': 0.01},542.3746967315674,True
101,7.032562971115112,91.3235023021698,0.0,3976.5848793683917,-790015934464.0,0.0,5045.839437010354,-2661287985152.0,{'lr': 0.01},542.3746967315674,True
151,11.339593172073364,137.49398851394653,0.0,3942.4792014721197,-1291558191104.0,0.0,5054.369902786832,-2672432250880.0,{'lr': 0.01},542.3746967315674,True
201,15.554685115814209,184.39815044403076,0.0,3897.5943702313893,-1874010505216.0,0.0,5044.365980323308,-2909569548288.0,{'lr': 0.01},542.3746967315674,True
251,19.969467878341675,231.57321047782898,0.0,3842.9473703224094,-2294252175360.0,0.0,5002.406986805241,-3393656455168.0,{'lr': 0.01},542.3746967315674,True
301,24.239643573760986,277.95299768447876,0.0,3781.0764463468695,-2963893387264.0,0.0,4899.428240037577,-4251147304960.0,{'lr': 0.01},542.3746967315674,True
351,28.33215832710266,323.2513768672943,0.0,3703.3456425399145,-3810633973760.0,0.0,4685.879041342494,-6389824487424.0,{'lr': 0.01},542.3746967315674,True
401,32.9953351020813,370.8359405994415,0.0,3695.2885697889024,-4113342791680.0,0.0,4438.377387708063,-9121733541888.0,{'lr': 0.01},542.3746967315674,True
451,37.50527024269104,417.843688249588,0.0,3676.757771323292,-4439118446592.0,0.0,4285.8800684294865,-10737043898368.0,{'lr': 0.01},542.3746967315674,True
501,42.13729763031006,466.14295077323914,0.0,3625.234297460158,-5043248955392.0,0.0,4293.671817982151,-11030076850176.0,{'lr': 0.01},542.3746967315674,True
551,46.771557331085205,514.40722489357,0.0,3562.006296450081,-6302021713920.0,0.0,4275.811030296655,-11309674397696.0,{'lr': 0.01},542.3746967315674,True
1,0.030347824096679688,2.676795244216919,0.0,4015.2933068098127,-152426762240.0,0.0,5276.084683455522,-485882265600.0,"{'optimizer': <class 'torch.optim.adam.Adam'>, 'lr': 0.01}",544.6107521057129,True
51,3.7887468338012695,47.35409379005432,0.0,3986.1509525348033,-671288885248.0,0.0,5076.944178535696,-2417198104576.0,"{'optimizer': <class 'torch.optim.adam.Adam'>, 'lr': 0.01}",544.6107521057129,True
101,7.657722234725952,93.06428170204163,0.0,3955.6113477466342,-1003026939904.0,0.0,5007.439035135175,-3032137596928.0,"{'optimizer': <class 'torch.optim.adam.Adam'>, 'lr': 0.01}",544.6107521057129,True
151,12.041839599609375,138.85812711715698,0.0,3920.7077195336656,-1493716697088.0,0.0,5019.603310487153,-3050126966784.0,"{'optimizer': <class 'torch.optim.adam.Adam'>, 'lr': 0.01}",544.6107521057129,True
201,16.32880926132202,185.65388441085815,0.0,3875.445971165517,-2112769490944.0,0.0,5012.910308996297,-3353308037120.0,"{'optimizer': <class 'torch.optim.adam.Adam'>, 'lr': 0.01}",544.6107521057129,True
251,20.918248653411865,233.065682888031,0.0,3819.2390956181707,-2646365437952.0,0.0,4971.818760919542,-3751777140736.0,"{'optimizer': <class 'torch.optim.adam.Adam'>, 'lr': 0.01}",544.6107521057129,True
301,25.286715507507324,279.8017029762268,0.0,3756.3931360704028,-3266703261696.0,0.0,4869.0484774755,-4691062161408.0,"{'optimizer': <class 'torch.optim.adam.Adam'>, 'lr': 0.01}",544.6107521057129,True
351,29.94019651412964,327.70548605918884,0.0,3677.926402268951,-4203454791680.0,0.0,4653.805956364565,-6702719041536.0,"{'optimizer': <class 'torch.optim.adam.Adam'>, 'lr': 0.01}",544.6107521057129,True
401,34.492292404174805,375.04413652420044,0.0,3669.5826058485036,-4573681942528.0,0.0,4407.097371045916,-9318583762944.0,"{'optimizer': <class 'torch.optim.adam.Adam'>, 'lr': 0.01}",544.6107521057129,True
451,38.99981880187988,422.0959360599518,0.0,3651.5390499390346,-4843643076608.0,0.0,4258.1029596000735,-11098127335424.0,"{'optimizer': <class 'torch.optim.adam.Adam'>, 'lr': 0.01}",544.6107521057129,True
501,43.705689430236816,470.1596553325653,0.0,3599.124265980095,-5632244580352.0,0.0,4267.353061455873,-11286084583424.0,"{'optimizer': <class 'torch.optim.adam.Adam'>, 'lr': 0.01}",544.6107521057129,True
551,47.99938416481018,516.5294404029846,0.0,3535.027031010772,-6431957843968.0,0.0,4250.428690316648,-11677787488256.0,"{'optimizer': <class 'torch.optim.adam.Adam'>, 'lr': 0.01}",544.6107521057129,True
1,0.0352330207824707,2.766883373260498,0.0,4007.455871428019,-216959492096.0,0.0,5264.596479589439,-563479379968.0,{'lr': 0.01},552.2017865180969,True
51,4.298665523529053,49.49886918067932,0.0,3976.8013492597847,-652622036992.0,0.0,5066.829996387021,-2552828526592.0,{'lr': 0.01},552.2017865180969,True
101,8.373035907745361,96.16735553741455,0.0,3943.904249776486,-1172588462080.0,0.0,4996.345597826273,-3285094236160.0,{'lr': 0.01},552.2017865180969,True
151,12.619709730148315,142.86174726486206,0.0,3910.8213847077996,-1590500392960.0,0.0,5003.905539716831,-3310449590272.0,{'lr': 0.01},552.2017865180969,True
201,16.84468674659729,189.9850025177002,0.0,3867.7065117127418,-2131691503616.0,0.0,4990.611919838979,-3517252370432.0,{'lr': 0.01},552.2017865180969,True
251,21.328224420547485,237.14528560638428,0.0,3815.1474080461467,-2482027364352.0,0.0,4948.5944224737905,-3904215973888.0,{'lr': 0.01},552.2017865180969,True
301,25.64488649368286,284.2516713142395,0.0,3752.890589193994,-3190702473216.0,0.0,4847.154219817737,-4841452601344.0,{'lr': 0.01},552.2017865180969,True
351,30.190394639968872,331.503395318985,0.0,3675.592271679262,-3987482345472.0,0.0,4641.491575295285,-6947756048384.0,{'lr': 0.01},552.2017865180969,True
401,35.04771280288696,379.8501889705658,0.0,3665.5683218586646,-4366253162496.0,0.0,4401.982030461047,-9624051777536.0,{'lr': 0.01},552.2017865180969,True
451,39.82772636413574,427.92026138305664,0.0,3645.381963840937,-4732577382400.0,0.0,4251.786454882177,-11345300815872.0,{'lr': 0.01},552.2017865180969,True
501,44.582377195358276,475.67049860954285,0.0,3591.3613321881444,-5638431440896.0,0.0,4260.45881344453,-11419836743680.0,{'lr': 0.01},552.2017865180969,True
551,49.27074837684631,524.289787530899,0.0,3528.839291786599,-6501618155520.0,0.0,4242.090846177795,-11902147100672.0,{'lr': 0.01},552.2017865180969,True
1,0.015260934829711914,2.713165521621704,0.0,4022.0188417808404,-151095353344.0,0.0,5357.52169084344,42987790336.0,"{'optimizer': <class 'torch.optim.adam.Adam'>, 'lr': 0.01}",522.5180308818817,True
51,3.905256986618042,46.81326699256897,0.0,3988.718317568561,-725660434432.0,0.0,5134.19173334237,-1905708236800.0,"{'optimizer': <class 'torch.optim.adam.Adam'>, 'lr': 0.01}",522.5180308818817,True
101,8.216506481170654,91.71281933784485,0.0,3944.8370627706367,-1355435999232.0,0.0,5058.061247133059,-2866948866048.0,"{'optimizer': <class 'torch.optim.adam.Adam'>, 'lr': 0.01}",522.5180308818817,True
151,12.129086256027222,134.208829164505,0.0,3903.1973480350857,-1825693040640.0,0.0,5075.271175127897,-2722920923136.0,"{'optimizer': <class 'torch.optim.adam.Adam'>, 'lr': 0.01}",522.5180308818817,True
201,16.427104234695435,179.84490036964417,0.0,3856.253741711525,-2265210683392.0,0.0,5067.282998655649,-2941210329088.0,"{'optimizer': <class 'torch.optim.adam.Adam'>, 'lr': 0.01}",522.5180308818817,True
251,20.877567529678345,225.47587156295776,0.0,3801.6490997366736,-2971162509312.0,0.0,5024.9941470087915,-3370987552768.0,"{'optimizer': <class 'torch.optim.adam.Adam'>, 'lr': 0.01}",522.5180308818817,True
301,25.124536275863647,270.3175370693207,0.0,3741.7639301944887,-3478216769536.0,0.0,4922.815081214781,-4393114271744.0,"{'optimizer': <class 'torch.optim.adam.Adam'>, 'lr': 0.01}",522.5180308818817,True
351,29.672141075134277,316.0137619972229,0.0,3667.7669614335705,-4211779436544.0,0.0,4714.598679690083,-6367902433280.0,"{'optimizer': <class 'torch.optim.adam.Adam'>, 'lr': 0.01}",522.5180308818817,True
401,34.36546516418457,361.6526765823364,0.0,3658.589084818075,-4649590980608.0,0.0,4469.091119396065,-8915607617536.0,"{'optimizer': <class 'torch.optim.adam.Adam'>, 'lr': 0.01}",522.5180308818817,True
451,38.67874312400818,405.8858172893524,0.0,3635.8637788094607,-5096815984640.0,0.0,4319.0653720944065,-10523739422720.0,"{'optimizer': <class 'torch.optim.adam.Adam'>, 'lr': 0.01}",522.5180308818817,True
501,43.40294337272644,452.1770706176758,0.0,3576.234417731602,-6218627153920.0,0.0,4333.170498353238,-10972836134912.0,"{'optimizer': <class 'torch.optim.adam.Adam'>, 'lr': 0.01}",522.5180308818817,True
551,47.38766145706177,494.6689465045929,0.0,3510.8081332594265,-6941547167744.0,0.0,4317.3325326980375,-11488213336064.0,"{'optimizer': <class 'torch.optim.adam.Adam'>, 'lr': 0.01}",522.5180308818817,True
1,0.027757883071899414,2.6350631713867188,0.0,4023.7367417991622,-136368852992.0,0.0,5317.362918277474,-133179121664.0,{'lr': 0.01},521.810469865799,True
51,4.054683446884155,46.42333388328552,0.0,3987.0006774212898,-730072186880.0,0.0,5102.814658869712,-2154659840000.0,{'lr': 0.01},521.810469865799,True
101,8.29765796661377,91.67740225791931,0.0,3951.258046501399,-1365465235456.0,0.0,5033.277310651803,-2907052965888.0,{'lr': 0.01},521.810469865799,True
151,12.405477523803711,135.30359268188477,0.0,3915.2458214350354,-1761594834944.0,0.0,5043.189811258661,-3014767411200.0,{'lr': 0.01},521.810469865799,True
201,16.4722261428833,180.14351439476013,0.0,3870.7061408505037,-2088086863872.0,0.0,5031.28920090286,-3240132608000.0,{'lr': 0.01},521.810469865799,True
251,20.812522888183594,225.29000902175903,0.0,3819.4623741160326,-2629970690048.0,0.0,4989.602081864016,-3828567769088.0,{'lr': 0.01},521.810469865799,True
301,25.232404708862305,270.35214018821716,0.0,3758.6279922114127,-3416581341184.0,0.0,4886.656213574141,-4786550734848.0,{'lr': 0.01},521.810469865799,True
351,29.630118370056152,315.9975006580353,0.0,3681.0949143986245,-4189256679424.0,0.0,4674.449704952519,-6872456232960.0,{'lr': 0.01},521.810469865799,True
401,33.714316606521606,358.58021450042725,0.0,3671.5330473232734,-4466945032192.0,0.0,4429.903433503813,-9324810207232.0,{'lr': 0.01},521.810469865799,True
451,38.15652585029602,402.8763527870178,0.0,3650.735479119094,-5147650686976.0,0.0,4279.176386713323,-11129114853376.0,{'lr': 0.01},521.810469865799,True
501,42.62209749221802,447.7995059490204,0.0,3593.575243553127,-6035781189632.0,0.0,4290.7980371190215,-11547078295552.0,{'lr': 0.01},521.810469865799,True
551,47.25080895423889,494.29938769340515,0.0,3528.8197723954963,-6748945252352.0,0.0,4273.824535149948,-11759390818304.0,{'lr': 0.01},521.810469865799,True
1,0.034239768981933594,2.7215378284454346,0.0,4048.2574672186474,-30204350464.0,0.0,5272.214138208466,-510487298048.0,"{'optimizer': <class 'torch.optim.adam.Adam'>, 'lr': 0.01}",522.6013808250427,True
51,3.836670160293579,46.83880138397217,0.0,4019.873778879535,-460480233472.0,0.0,5071.760704180999,-2390322839552.0,"{'optimizer': <class 'torch.optim.adam.Adam'>, 'lr': 0.01}",522.6013808250427,True
101,7.924754858016968,91.36250686645508,0.0,3988.3771593799547,-899615260672.0,0.0,5002.337636800914,-3098973044736.0,"{'optimizer': <class 'torch.optim.adam.Adam'>, 'lr': 0.01}",522.6013808250427,True
151,12.498061418533325,136.56041812896729,0.0,3953.9079037018664,-1357869154304.0,0.0,5013.31242644971,-3271091552256.0,"{'optimizer': <class 'torch.optim.adam.Adam'>, 'lr': 0.01}",522.6013808250427,True
201,16.76755666732788,181.4386944770813,0.0,3909.404064731223,-1991691272192.0,0.0,5004.669085768907,-3497771925504.0,"{'optimizer': <class 'torch.optim.adam.Adam'>, 'lr': 0.01}",522.6013808250427,True
251,21.232336044311523,226.7110824584961,0.0,3855.4633392081637,-2307117547520.0,0.0,4963.114284811348,-3963487256576.0,"{'optimizer': <class 'torch.optim.adam.Adam'>, 'lr': 0.01}",522.6013808250427,True
301,25.599486827850342,271.77833819389343,0.0,3794.7342969421775,-3041733771264.0,0.0,4860.1873527386115,-4876162039808.0,"{'optimizer': <class 'torch.optim.adam.Adam'>, 'lr': 0.01}",522.6013808250427,True
351,29.91820526123047,316.0618681907654,0.0,3716.8729464363887,-3761845829632.0,0.0,4645.030428056614,-7135356780544.0,"{'optimizer': <class 'torch.optim.adam.Adam'>, 'lr': 0.01}",522.6013808250427,True
401,34.273980379104614,359.948157787323,0.0,3709.0084884968037,-4158136254464.0,0.0,4395.123446194927,-9728981729280.0,"{'optimizer': <class 'torch.optim.adam.Adam'>, 'lr': 0.01}",522.6013808250427,True
451,38.52946615219116,403.9460964202881,0.0,3690.17032710816,-4510243880960.0,0.0,4243.4619638815575,-11386504609792.0,"{'optimizer': <class 'torch.optim.adam.Adam'>, 'lr': 0.01}",522.6013808250427,True
501,43.1783652305603,449.44623923301697,0.0,3636.1011001758907,-5341286236160.0,0.0,4253.262440296471,-11542759211008.0,"{'optimizer': <class 'torch.optim.adam.Adam'>, 'lr': 0.01}",522.6013808250427,True
551,47.58087420463562,494.82931566238403,0.0,3571.343187587029,-6649310085120.0,0.0,4236.446202164607,-12052893532160.0,"{'optimizer': <class 'torch.optim.adam.Adam'>, 'lr': 0.01}",522.6013808250427,True
1,0.024309158325195312,2.713954210281372,0.0,3985.8839567970635,-419251552256.0,0.0,5336.033529324885,7397881344.0,{'lr': 0.01},511.1712486743927,True
51,3.574571132659912,42.82435345649719,0.0,3948.52003858987,-996501651456.0,0.0,5123.791610926432,-1965987987456.0,{'lr': 0.01},511.1712486743927,True
101,7.45824408531189,85.83044862747192,0.0,3903.5697656060556,-1530808107008.0,0.0,5050.837589911933,-2850086715392.0,{'lr': 0.01},511.1712486743927,True
151,11.450104713439941,129.81526231765747,0.0,3863.7298404566072,-1983080300544.0,0.0,5062.501385168155,-2886002278400.0,{'lr': 0.01},511.1712486743927,True
201,15.229905366897583,172.54111862182617,0.0,3819.4572544456782,-2457056313344.0,0.0,5049.2679356936815,-3083932794880.0,{'lr': 0.01},511.1712486743927,True
251,19.244094848632812,215.64863967895508,0.0,3769.6784427019597,-3206555369472.0,0.0,5008.02550432171,-3480646844416.0,{'lr': 0.01},511.1712486743927,True
301,23.588542938232422,261.23019671440125,0.0,3711.5688879258933,-3555242803200.0,0.0,4910.155321956648,-4335109931008.0,{'lr': 0.01},511.1712486743927,True
351,27.973560333251953,306.07053399086,0.0,3638.7115699854135,-4513107279872.0,0.0,4711.515000306367,-6221700005888.0,{'lr': 0.01},511.1712486743927,True
401,32.62006425857544,352.269407749176,0.0,3628.4240116641568,-4717651165184.0,0.0,4476.6964274060465,-8700545728512.0,{'lr': 0.01},511.1712486743927,True
451,36.82358980178833,395.7407171726227,0.0,3605.0625278715497,-5316932534272.0,0.0,4327.60967710802,-10508028608512.0,{'lr': 0.01},511.1712486743927,True
501,40.927396297454834,438.46254301071167,0.0,3548.56711157951,-6190182957056.0,0.0,4339.134113127199,-10759333478400.0,{'lr': 0.01},511.1712486743927,True
551,45.49665427207947,484.3163468837738,0.0,3485.651165927564,-6800689332224.0,0.0,4321.453253116771,-11198008393728.0,{'lr': 0.01},511.1712486743927,True
1,0.03250002861022949,2.757079601287842,0.0,4080.231625434167,107573207040.0,0.0,5381.4710274581785,140259573760.0,"{'optimizer': <class 'torch.optim.adam.Adam'>, 'lr': 0.01}",515.5896670818329,True
51,3.1801373958587646,42.38356590270996,0.0,4041.759016684675,-120217645056.0,0.0,5167.2982112135205,-1423221587968.0,"{'optimizer': <class 'torch.optim.adam.Adam'>, 'lr': 0.01}",515.5896670818329,True
101,6.538722038269043,87.27780294418335,0.0,4004.324447773309,-503590191104.0,0.0,5086.749493929659,-2220714360832.0,"{'optimizer': <class 'torch.optim.adam.Adam'>, 'lr': 0.01}",515.5896670818329,True
151,10.324650049209595,132.4193456172943,0.0,3967.9115113991893,-923332968448.0,0.0,5094.082341775386,-2213206818816.0,"{'optimizer': <class 'torch.optim.adam.Adam'>, 'lr': 0.01}",515.5896670818329,True
201,14.227524518966675,176.57838559150696,0.0,3921.537628089012,-1473883144192.0,0.0,5078.904715782156,-2563356753920.0,"{'optimizer': <class 'torch.optim.adam.Adam'>, 'lr': 0.01}",515.5896670818329,True
251,18.088385581970215,219.52797102928162,0.0,3867.560548382859,-2143586091008.0,0.0,5034.477186698483,-3061531803648.0,"{'optimizer': <class 'torch.optim.adam.Adam'>, 'lr': 0.01}",515.5896670818329,True
301,22.14599061012268,263.0491406917572,0.0,3803.1543198782756,-2463038832640.0,0.0,4924.708185449368,-4109898088448.0,"{'optimizer': <class 'torch.optim.adam.Adam'>, 'lr': 0.01}",515.5896670818329,True
351,26.53797173500061,308.2204737663269,0.0,3721.523120418557,-3246116831232.0,0.0,4699.809687037619,-6243071033344.0,"{'optimizer': <class 'torch.optim.adam.Adam'>, 'lr': 0.01}",515.5896670818329,True
401,31.09731149673462,353.2489559650421,0.0,3712.248526992927,-3670137241600.0,0.0,4441.247245540036,-8874930208768.0,"{'optimizer': <class 'torch.optim.adam.Adam'>, 'lr': 0.01}",515.5896670818329,True
451,35.74784517288208,398.79029154777527,0.0,3693.443324000748,-4192336740352.0,0.0,4282.108449786988,-10768215965696.0,"{'optimizer': <class 'torch.optim.adam.Adam'>, 'lr': 0.01}",515.5896670818329,True
501,39.991960763931274,442.3927800655365,0.0,3641.4168594257662,-5483717722112.0,0.0,4289.306331259018,-11006620205056.0,"{'optimizer': <class 'torch.optim.adam.Adam'>, 'lr': 0.01}",515.5896670818329,True
551,44.55299973487854,488.08813667297363,0.0,3577.689361243832,-6166106341376.0,0.0,4270.38912054544,-11394956132352.0,"{'optimizer': <class 'torch.optim.adam.Adam'>, 'lr': 0.01}",515.5896670818329,True
1,0.030030012130737305,2.7242093086242676,0.0,4040.137776441422,-74832023552.0,0.0,5328.270202650746,-85167611904.0,{'lr': 0.01},511.23825335502625,True
51,3.8093252182006836,45.17898178100586,0.0,4007.9102936873537,-627312852992.0,0.0,5117.353611469064,-2105067831296.0,{'lr': 0.01},511.23825335502625,True
101,7.927635431289673,88.32844114303589,0.0,3966.8136896622937,-1262588461056.0,0.0,5048.528432230417,-2925907148800.0,{'lr': 0.01},511.23825335502625,True
151,12.187932252883911,132.39474773406982,0.0,3926.953153216416,-1662870683648.0,0.0,5065.669347876965,-2879630868480.0,{'lr': 0.01},511.23825335502625,True
201,15.944883584976196,175.0115349292755,0.0,3882.1562464847552,-1982603788288.0,0.0,5058.1514398698055,-3077242617856.0,{'lr': 0.01},511.23825335502625,True
251,19.90907096862793,217.5965781211853,0.0,3830.9145673743114,-2848651608064.0,0.0,5017.635462384729,-3579412742144.0,{'lr': 0.01},511.23825335502625,True
301,24.02438473701477,260.74982500076294,0.0,3775.6239387973956,-3310360723456.0,0.0,4920.993008249627,-4450651996160.0,{'lr': 0.01},511.23825335502625,True
351,28.108229637145996,303.8303346633911,0.0,3702.5132187054287,-4041766338560.0,0.0,4716.911932789048,-6526863933440.0,{'lr': 0.01},511.23825335502625,True
401,32.333574533462524,347.502671957016,0.0,3693.447931545365,-4184332566528.0,0.0,4475.408920876669,-8843865096192.0,{'lr': 0.01},511.23825335502625,True
451,37.02046751976013,393.5205919742584,0.0,3670.8015035272106,-4940418514944.0,0.0,4327.408104469009,-10491671871488.0,{'lr': 0.01},511.23825335502625,True
501,41.60952091217041,438.5965304374695,0.0,3610.787355719637,-6041504055296.0,0.0,4341.257238620648,-11017409003520.0,{'lr': 0.01},511.23825335502625,True
551,46.225741386413574,484.32295274734497,0.0,3545.069226760802,-6612401520640.0,0.0,4325.454535244159,-11189535899648.0,{'lr': 0.01},511.23825335502625,True
1,0.027032852172851562,2.7031030654907227,0.0,4038.8328112917443,-23244880640.0,0.0,5328.300678878357,-18546358272.0,"{'optimizer': <class 'torch.optim.adam.Adam'>, 'lr': 0.01}",514.1858909130096,True
51,3.528480052947998,43.47350358963013,0.0,4007.0124554700205,-388934172672.0,0.0,5124.1986089529255,-1919288475648.0,"{'optimizer': <class 'torch.optim.adam.Adam'>, 'lr': 0.01}",514.1858909130096,True
101,7.3617188930511475,86.27921438217163,0.0,3970.652350134996,-879203155968.0,0.0,5051.393596306382,-2652235890688.0,"{'optimizer': <class 'torch.optim.adam.Adam'>, 'lr': 0.01}",514.1858909130096,True
151,11.55447006225586,130.15043115615845,0.0,3934.848837916223,-1370159448064.0,0.0,5061.852302071568,-2662795051008.0,"{'optimizer': <class 'torch.optim.adam.Adam'>, 'lr': 0.01}",514.1858909130096,True
201,15.48799443244934,173.46252989768982,0.0,3889.89634058263,-1789716660224.0,0.0,5050.551616143381,-2817676017664.0,"{'optimizer': <class 'torch.optim.adam.Adam'>, 'lr': 0.01}",514.1858909130096,True
251,19.988331079483032,219.02326703071594,0.0,3836.251500348512,-2265854640128.0,0.0,5008.227758374401,-3260959686656.0,"{'optimizer': <class 'torch.optim.adam.Adam'>, 'lr': 0.01}",514.1858909130096,True
301,24.398505687713623,264.15219950675964,0.0,3774.4943707035027,-3015284621312.0,0.0,4906.62178096369,-4320493043712.0,"{'optimizer': <class 'torch.optim.adam.Adam'>, 'lr': 0.01}",514.1858909130096,True
351,28.41873073577881,306.93006205558777,0.0,3698.501455142383,-3794874400768.0,0.0,4700.371145477665,-6341963284480.0,"{'optimizer': <class 'torch.optim.adam.Adam'>, 'lr': 0.01}",514.1858909130096,True
401,32.60646033287048,350.23868799209595,0.0,3688.6675295396335,-3963079884800.0,0.0,4458.097991671746,-8766067048448.0,"{'optimizer': <class 'torch.optim.adam.Adam'>, 'lr': 0.01}",514.1858909130096,True
451,37.29983973503113,395.7274417877197,0.0,3667.7717352850154,-4701996187648.0,0.0,4307.562938703675,-10557463724032.0,"{'optimizer': <class 'torch.optim.adam.Adam'>, 'lr': 0.01}",514.1858909130096,True
501,41.96273922920227,441.7514548301697,0.0,3611.8964459183653,-5453183713280.0,0.0,4318.0088882818345,-10771976159232.0,"{'optimizer': <class 'torch.optim.adam.Adam'>, 'lr': 0.01}",514.1858909130096,True
551,46.35191893577576,486.5997726917267,0.0,3548.1268856535794,-6311402799104.0,0.0,4300.4913168416615,-11323278622720.0,"{'optimizer': <class 'torch.optim.adam.Adam'>, 'lr': 0.01}",514.1858909130096,True
1,0.028550148010253906,2.7736942768096924,0.0,4028.2070333513475,-117710286848.0,0.0,5305.397574237573,-240652926976.0,{'lr': 0.01},508.1778645515442,True
51,3.7505481243133545,45.04902267456055,0.0,3999.247182717516,-655606480896.0,0.0,5102.744982206135,-2180780392448.0,{'lr': 0.01},508.1778645515442,True
101,7.7275402545928955,89.09918999671936,0.0,3965.85176892122,-1105469014016.0,0.0,5034.336610785752,-2938737000448.0,{'lr': 0.01},508.1778645515442,True
151,11.927576780319214,132.64760041236877,0.0,3928.74388717175,-1631007604736.0,0.0,5047.874932791455,-3097257050112.0,{'lr': 0.01},508.1778645515442,True
201,15.724791765213013,175.2771077156067,0.0,3884.4017752096897,-2266981466112.0,0.0,5040.583042758988,-3318695854080.0,{'lr': 0.01},508.1778645515442,True
251,19.77518939971924,218.44702792167664,0.0,3830.9298415737667,-2580234895360.0,0.0,4999.737436192516,-3741849223168.0,{'lr': 0.01},508.1778645515442,True
301,23.6435489654541,260.885290145874,0.0,3771.800892183891,-3113163948032.0,0.0,4898.83643632182,-4474582073344.0,{'lr': 0.01},508.1778645515442,True
351,28.124216318130493,306.08889412879944,0.0,3694.9872218609516,-3860984889344.0,0.0,4686.486887494256,-6753140867072.0,{'lr': 0.01},508.1778645515442,True
401,32.288872718811035,349.2655625343323,0.0,3686.481690853909,-4260229939200.0,0.0,4439.746595884786,-9452300271616.0,{'lr': 0.01},508.1778645515442,True
451,36.803754568099976,394.60771441459656,0.0,3666.654743591521,-4694106177536.0,0.0,4290.795523323582,-11067464876032.0,{'lr': 0.01},508.1778645515442,True
501,41.018094539642334,437.90028166770935,0.0,3610.1291545692584,-5712026009600.0,0.0,4301.664829508055,-11230251057152.0,{'lr': 0.01},508.1778645515442,True
551,44.92839455604553,480.5744891166687,0.0,3545.282931140969,-6852113596416.0,0.0,4284.6036983942,-11807008751616.0,{'lr': 0.01},508.1778645515442,True
1,0.039129018783569336,2.681612730026245,0.0,3982.388596337034,-602805239808.0,0.0,5274.687388749701,-522365337600.0,"{'optimizer': <class 'torch.optim.adam.Adam'>, 'lr': 0.01}",515.634220123291,True
51,3.805286169052124,44.38560605049133,0.0,3948.050560660086,-1127983546368.0,0.0,5065.439907081254,-2747881226240.0,"{'optimizer': <class 'torch.optim.adam.Adam'>, 'lr': 0.01}",515.634220123291,True
101,7.848794937133789,87.18784213066101,0.0,3907.9854516020096,-1749146140672.0,0.0,4995.81133156527,-3518721163264.0,"{'optimizer': <class 'torch.optim.adam.Adam'>, 'lr': 0.01}",515.634220123291,True
151,12.151804685592651,131.62226271629333,0.0,3870.45769297231,-2097988370432.0,0.0,5007.999912465523,-3420784164864.0,"{'optimizer': <class 'torch.optim.adam.Adam'>, 'lr': 0.01}",515.634220123291,True
201,16.030967235565186,174.76362991333008,0.0,3826.3818945916714,-2607544139776.0,0.0,4996.370250357637,-3633866080256.0,"{'optimizer': <class 'torch.optim.adam.Adam'>, 'lr': 0.01}",515.634220123291,True
251,20.01726746559143,217.49631118774414,0.0,3774.9356635934714,-3165994483712.0,0.0,4954.8044186772695,-4079803432960.0,"{'optimizer': <class 'torch.optim.adam.Adam'>, 'lr': 0.01}",515.634220123291,True
301,24.387523889541626,265.0005748271942,0.0,3715.3659117097927,-3605860843520.0,0.0,4856.1156119230845,-4989779968000.0,"{'optimizer': <class 'torch.optim.adam.Adam'>, 'lr': 0.01}",515.634220123291,True
351,28.38147282600403,307.79967427253723,0.0,3640.8805750765555,-4474328317952.0,0.0,4655.298680351631,-7099819491328.0,"{'optimizer': <class 'torch.optim.adam.Adam'>, 'lr': 0.01}",515.634220123291,True
401,32.53650689125061,350.94512724876404,0.0,3630.3067177889507,-4856857493504.0,0.0,4420.737752461969,-9694874697728.0,"{'optimizer': <class 'torch.optim.adam.Adam'>, 'lr': 0.01}",515.634220123291,True
451,37.01959848403931,395.92791414260864,0.0,3607.60611013859,-5365364424704.0,0.0,4274.383622954891,-11211618910208.0,"{'optimizer': <class 'torch.optim.adam.Adam'>, 'lr': 0.01}",515.634220123291,True
501,41.609726667404175,441.837078332901,0.0,3550.057464887,-6325067055104.0,0.0,4287.249787490078,-11346296963072.0,"{'optimizer': <class 'torch.optim.adam.Adam'>, 'lr': 0.01}",515.634220123291,True
551,46.20487308502197,488.0736491680145,0.0,3486.528483290548,-7121034543104.0,0.0,4270.75763725874,-12149973843968.0,"{'optimizer': <class 'torch.optim.adam.Adam'>, 'lr': 0.01}",515.634220123291,True
1,0.036988019943237305,2.6905994415283203,0.0,3996.7998414448293,-385744601088.0,0.0,5254.806523581731,-652748062720.0,{'lr': 0.01},526.0015962123871,True
51,4.259219408035278,47.73834156990051,0.0,3963.542097622553,-985275793408.0,0.0,5051.018560243623,-2689882914816.0,{'lr': 0.01},526.0015962123871,True
101,8.452833414077759,93.24641299247742,0.0,3930.0454535720096,-1423839789056.0,0.0,4980.1322803929825,-3384268292096.0,{'lr': 0.01},526.0015962123871,True
151,12.77404522895813,138.42659616470337,0.0,3897.5317822489333,-1942977839104.0,0.0,4987.505149595925,-3489177010176.0,{'lr': 0.01},526.0015962123871,True
201,16.846635341644287,183.21960616111755,0.0,3854.6325210656582,-2290475991040.0,0.0,4973.962531383999,-3682315010048.0,{'lr': 0.01},526.0015962123871,True
251,20.89911150932312,226.7689597606659,0.0,3803.8024247851754,-2722074329088.0,0.0,4932.201352512396,-4150465134592.0,{'lr': 0.01},526.0015962123871,True
301,25.17133855819702,271.1349730491638,0.0,3742.4533076466137,-3377901862912.0,0.0,4830.915417012155,-5133428064256.0,{'lr': 0.01},526.0015962123871,True
351,29.648247003555298,316.67798829078674,0.0,3665.3582893906187,-4175699509248.0,0.0,4624.798591956961,-7273913516032.0,{'lr': 0.01},526.0015962123871,True
401,34.259572982788086,362.24283933639526,0.0,3655.720096448222,-4562382749696.0,0.0,4385.733767978679,-9699745333248.0,{'lr': 0.01},526.0015962123871,True
451,38.79156565666199,407.76552629470825,0.0,3635.2917357656365,-5205237694464.0,0.0,4235.5796937435625,-11535951855616.0,{'lr': 0.01},526.0015962123871,True
501,43.37233567237854,453.507310628891,0.0,3580.522076687405,-5930388291584.0,0.0,4245.280319029695,-11659483545600.0,{'lr': 0.01},526.0015962123871,True
551,47.767054080963135,498.274382352829,0.0,3517.399871136049,-6922209853440.0,0.0,4227.567335574716,-12374645932032.0,{'lr': 0.01},526.0015962123871,True
1,0.01678609848022461,2.6710453033447266,0.0,4021.5084356256916,-86324076544.0,0.0,5354.243151028117,77893976064.0,"{'optimizer': <class 'torch.optim.adam.Adam'>, 'lr': 0.01}",523.1369643211365,True
51,3.8979973793029785,45.029043197631836,0.0,3983.7353072897927,-570855063552.0,0.0,5134.833237182386,-2062232715264.0,"{'optimizer': <class 'torch.optim.adam.Adam'>, 'lr': 0.01}",523.1369643211365,True
101,7.516135215759277,89.77347016334534,0.0,3946.2854444484597,-1024022577152.0,0.0,5058.717135445449,-2910433312768.0,"{'optimizer': <class 'torch.optim.adam.Adam'>, 'lr': 0.01}",523.1369643211365,True
151,11.542222738265991,134.031010389328,0.0,3907.7429103908985,-1514929127424.0,0.0,5065.870769973005,-2850451357696.0,"{'optimizer': <class 'torch.optim.adam.Adam'>, 'lr': 0.01}",523.1369643211365,True
201,15.673596620559692,179.02195811271667,0.0,3858.883195476568,-2021484658688.0,0.0,5050.440181666351,-2904180129792.0,"{'optimizer': <class 'torch.optim.adam.Adam'>, 'lr': 0.01}",523.1369643211365,True
251,20.031238317489624,224.36388778686523,0.0,3800.5110502439566,-2709256142848.0,0.0,5004.5729325822695,-3431791853568.0,"{'optimizer': <class 'torch.optim.adam.Adam'>, 'lr': 0.01}",523.1369643211365,True
301,24.346262454986572,269.8198277950287,0.0,3731.721076541857,-3313571201024.0,0.0,4891.968710561626,-4504030281728.0,"{'optimizer': <class 'torch.optim.adam.Adam'>, 'lr': 0.01}",523.1369643211365,True
351,28.745173454284668,314.620934009552,0.0,3647.9751777811753,-4159215501312.0,0.0,4664.44291150793,-6847927418880.0,"{'optimizer': <class 'torch.optim.adam.Adam'>, 'lr': 0.01}",523.1369643211365,True
401,33.16310381889343,359.03427505493164,0.0,3637.293239600906,-4594041356288.0,0.0,4408.704659365216,-9497079709696.0,"{'optimizer': <class 'torch.optim.adam.Adam'>, 'lr': 0.01}",523.1369643211365,True
451,37.85612416267395,404.9663920402527,0.0,3617.3776894857833,-5024055820288.0,0.0,4252.797642839375,-11313757552640.0,"{'optimizer': <class 'torch.optim.adam.Adam'>, 'lr': 0.01}",523.1369643211365,True
501,42.3136088848114,449.5987045764923,0.0,3562.826470048498,-5929580363776.0,0.0,4261.520734389267,-11710966530048.0,"{'optimizer': <class 'torch.optim.adam.Adam'>, 'lr': 0.01}",523.1369643211365,True
551,46.84306573867798,495.7936758995056,0.0,3499.675329394236,-6877333946368.0,0.0,4242.854546970048,-12031030722560.0,"{'optimizer': <class 'torch.optim.adam.Adam'>, 'lr': 0.01}",523.1369643211365,True
1,0.030631065368652344,2.603609800338745,0.0,3985.7453716470923,-500092157952.0,0.0,5304.772764903435,-251559919616.0,{'lr': 0.01},520.5590829849243,True
51,3.800985097885132,44.1092734336853,0.0,3958.612699983171,-787687243776.0,0.0,5108.070072955382,-2123655020544.0,{'lr': 0.01},520.5590829849243,True
101,7.6127660274505615,87.10504174232483,0.0,3925.0388698515862,-1333597896704.0,0.0,5038.838289361031,-2867305381888.0,{'lr': 0.01},520.5590829849243,True
151,12.266047716140747,133.047931432724,0.0,3886.4072710690666,-1970208702464.0,0.0,5056.263755786623,-2954027597824.0,{'lr': 0.01},520.5590829849243,True
201,16.363906383514404,177.4718677997589,0.0,3840.9877081144937,-2368962822144.0,0.0,5052.6666288685765,-3010892136448.0,{'lr': 0.01},520.5590829849243,True
251,20.496291637420654,221.456152677536,0.0,3785.9075602063303,-2914561687552.0,0.0,5013.519668848739,-3215250948096.0,{'lr': 0.01},520.5590829849243,True
301,24.821137189865112,266.73390555381775,0.0,3724.6054147766695,-3512448057344.0,0.0,4912.277942113754,-4231622557696.0,{'lr': 0.01},520.5590829849243,True
351,29.315422296524048,312.2568504810333,0.0,3649.2616549533027,-4336017473536.0,0.0,4701.975042603904,-6279977762816.0,{'lr': 0.01},520.5590829849243,True
401,33.9162323474884,357.9070336818695,0.0,3641.0580992028777,-4819951550464.0,0.0,4457.2382447856235,-8949943238656.0,{'lr': 0.01},520.5590829849243,True
451,38.41055512428284,403.12875413894653,0.0,3622.912953555296,-5024994557952.0,0.0,4312.315264161043,-10770121228288.0,{'lr': 0.01},520.5590829849243,True
501,43.007476806640625,448.8587646484375,0.0,3569.01241103612,-5704810758144.0,0.0,4323.763889730842,-10975371591680.0,{'lr': 0.01},520.5590829849243,True
551,47.143911838531494,492.80334997177124,0.0,3504.907747622795,-6885617696768.0,0.0,4307.168322492189,-11376294625280.0,{'lr': 0.01},520.5590829849243,True
1,0.03362083435058594,2.6162283420562744,0.0,4019.1580050932016,-280252932096.0,0.0,5251.090417828651,-767179554816.0,"{'optimizer': <class 'torch.optim.adam.Adam'>, 'lr': 0.01}",519.98699259758,True
51,4.021721601486206,46.053003549575806,0.0,3988.5233937988573,-781110149120.0,0.0,5047.928713443053,-2724550148096.0,"{'optimizer': <class 'torch.optim.adam.Adam'>, 'lr': 0.01}",519.98699259758,True
101,8.214166402816772,90.67074704170227,0.0,3953.0594358361986,-1285102305280.0,0.0,4981.251349796333,-3512459067392.0,"{'optimizer': <class 'torch.optim.adam.Adam'>, 'lr': 0.01}",519.98699259758,True
151,12.46986722946167,135.78114891052246,0.0,3916.972305636082,-1737988571136.0,0.0,4994.246681898632,-3482462191616.0,"{'optimizer': <class 'torch.optim.adam.Adam'>, 'lr': 0.01}",519.98699259758,True
201,16.402143478393555,179.5265052318573,0.0,3874.081784849141,-2146143305728.0,0.0,4984.9308274203795,-3740604825600.0,"{'optimizer': <class 'torch.optim.adam.Adam'>, 'lr': 0.01}",519.98699259758,True
251,20.738656997680664,224.78001618385315,0.0,3823.622229990896,-3017650864128.0,0.0,4944.797459295504,-4253810688000.0,"{'optimizer': <class 'torch.optim.adam.Adam'>, 'lr': 0.01}",519.98699259758,True
301,24.828951358795166,268.9497380256653,0.0,3766.14192538407,-3386829570048.0,0.0,4847.357445823323,-5177525403648.0,"{'optimizer': <class 'torch.optim.adam.Adam'>, 'lr': 0.01}",519.98699259758,True
351,29.217910051345825,314.305876493454,0.0,3691.6687690084314,-4072903409664.0,0.0,4645.113692960731,-7227418083328.0,"{'optimizer': <class 'torch.optim.adam.Adam'>, 'lr': 0.01}",519.98699259758,True
401,33.45469045639038,357.83781599998474,0.0,3682.2127483009776,-4311873748992.0,0.0,4406.731593699952,-9486512160768.0,"{'optimizer': <class 'torch.optim.adam.Adam'>, 'lr': 0.01}",519.98699259758,True
451,37.99698567390442,403.2152028083801,0.0,3661.306909921181,-5013657878528.0,0.0,4260.620550871877,-11250824118272.0,"{'optimizer': <class 'torch.optim.adam.Adam'>, 'lr': 0.01}",519.98699259758,True
501,42.55499196052551,449.071391582489,0.0,3604.078690204034,-6173722148864.0,0.0,4272.310442433169,-11639370809344.0,"{'optimizer': <class 'torch.optim.adam.Adam'>, 'lr': 0.01}",519.98699259758,True
551,46.67017149925232,492.5613691806793,0.0,3540.0277352810344,-6793365815296.0,0.0,4255.3816471227765,-12019209076736.0,"{'optimizer': <class 'torch.optim.adam.Adam'>, 'lr': 0.01}",519.98699259758,True
1,0.015735864639282227,2.699021339416504,0.0,4019.276685646589,-120677654528.0,0.0,5352.562041958324,64030306304.0,{'lr': 0.01},522.3370547294617,True
51,3.880537271499634,44.538456201553345,0.0,3982.707609983472,-694300377088.0,0.0,5134.350296626766,-1898428366848.0,{'lr': 0.01},522.3370547294617,True
101,8.041747570037842,89.28814625740051,0.0,3942.697322336859,-1255775404032.0,0.0,5061.904869193196,-2666788552704.0,{'lr': 0.01},522.3370547294617,True
151,12.07973313331604,132.89076328277588,0.0,3904.822236524442,-1854269947904.0,0.0,5075.131793854849,-2783935463424.0,{'lr': 0.01},522.3370547294617,True
201,16.163567543029785,177.38213419914246,0.0,3860.9660738646876,-2100153745408.0,0.0,5065.407759130252,-2940591931392.0,{'lr': 0.01},522.3370547294617,True
251,20.484415292739868,222.75239396095276,0.0,3810.002200573006,-2850762129408.0,0.0,5024.699762100973,-3431858438144.0,{'lr': 0.01},522.3370547294617,True
301,24.846329927444458,268.04212713241577,0.0,3752.1496280274537,-3358684217344.0,0.0,4926.516821772012,-4369648975872.0,{'lr': 0.01},522.3370547294617,True
351,29.025089025497437,312.1377866268158,0.0,3678.6866430379787,-4009733390336.0,0.0,4724.825877914337,-6349366231040.0,{'lr': 0.01},522.3370547294617,True
401,33.63623094558716,358.26502871513367,0.0,3668.921922579903,-4293430738944.0,0.0,4486.2294976020185,-8599842062336.0,{'lr': 0.01},522.3370547294617,True
451,38.16813921928406,403.7055764198303,0.0,3646.931049933352,-5036088754176.0,0.0,4338.294671829941,-10229478588416.0,{'lr': 0.01},522.3370547294617,True
501,42.7566339969635,449.70767402648926,0.0,3588.792796535664,-6001762500608.0,0.0,4350.053760272049,-10715471544320.0,{'lr': 0.01},522.3370547294617,True
551,47.08710193634033,495.04281973838806,0.0,3524.488721356986,-6566965411840.0,0.0,4332.677602856829,-11036216262656.0,{'lr': 0.01},522.3370547294617,True
1,0.03031015396118164,2.6301052570343018,0.0,4038.5136111988577,-44745754624.0,0.0,5272.516658222235,-533373353984.0,"{'optimizer': <class 'torch.optim.adam.Adam'>, 'lr': 0.01}",521.5415179729462,True
51,3.775841474533081,46.399786710739136,0.0,4007.5541021504,-527834087424.0,0.0,5073.054990206251,-2393965854720.0,"{'optimizer': <class 'torch.optim.adam.Adam'>, 'lr': 0.01}",521.5415179729462,True
101,7.345770597457886,90.29857301712036,0.0,3975.6271643069495,-912099115008.0,0.0,5001.400400415283,-3341200916480.0,"{'optimizer': <class 'torch.optim.adam.Adam'>, 'lr': 0.01}",521.5415179729462,True
151,11.535869598388672,135.10747289657593,0.0,3943.209858922761,-1419010637824.0,0.0,5007.646034193329,-3130217725952.0,"{'optimizer': <class 'torch.optim.adam.Adam'>, 'lr': 0.01}",521.5415179729462,True
201,15.484564542770386,179.24476051330566,0.0,3899.6846316146257,-1825675345920.0,0.0,4993.271282140965,-3259900887040.0,"{'optimizer': <class 'torch.optim.adam.Adam'>, 'lr': 0.01}",521.5415179729462,True
251,19.555569887161255,223.03464818000793,0.0,3846.253375634547,-2359814520832.0,0.0,4950.131152953027,-3833753763840.0,"{'optimizer': <class 'torch.optim.adam.Adam'>, 'lr': 0.01}",521.5415179729462,True
301,23.942342281341553,268.62227416038513,0.0,3784.046882330568,-2871569022976.0,0.0,4847.160927415915,-4863988072448.0,"{'optimizer': <class 'torch.optim.adam.Adam'>, 'lr': 0.01}",521.5415179729462,True
351,28.36452555656433,314.02926087379456,0.0,3706.7037807147676,-3691558993920.0,0.0,4639.028328437409,-6879911608320.0,"{'optimizer': <class 'torch.optim.adam.Adam'>, 'lr': 0.01}",521.5415179729462,True
401,32.92376375198364,359.8608613014221,0.0,3697.4712784141634,-4144836247552.0,0.0,4394.86630970392,-9441358381056.0,"{'optimizer': <class 'torch.optim.adam.Adam'>, 'lr': 0.01}",521.5415179729462,True
451,37.4909451007843,405.23993396759033,0.0,3677.2415069372482,-4485720834048.0,0.0,4241.120718558244,-11267999793152.0,"{'optimizer': <class 'torch.optim.adam.Adam'>, 'lr': 0.01}",521.5415179729462,True
501,41.95638298988342,450.33661699295044,0.0,3623.6050467884006,-5594646839296.0,0.0,4248.871291330994,-11521725825024.0,"{'optimizer': <class 'torch.optim.adam.Adam'>, 'lr': 0.01}",521.5415179729462,True
551,46.19092845916748,494.81742429733276,0.0,3560.366503810109,-6268658909184.0,0.0,4230.380650735563,-12005635260416.0,"{'optimizer': <class 'torch.optim.adam.Adam'>, 'lr': 0.01}",521.5415179729462,True
